"DESCRIPTION","DURATION IN MS","NAME","PARENT SUITE","START TIME","STATUS","STOP TIME","SUB SUITE","SUITE","TEST CLASS","TEST METHOD"
"","3492","rejects a locked-out user","webkit","2026-09-08","passed","2026-09-08","Authentication","test/auth/login.spec.ts","",""
"","564","has title","chromium","2026-09-08","passed","2026-09-08","","tests/example.spec.ts","",""
"","755","keeps inventory usable at tablet size","chromium","2026-09-08","passed","2026-09-08","","test/navigation/responsive-basics.spec.ts","",""
"","1590","keeps inventory usable at tablet size","webkit","2026-09-08","passed","2026-09-08","","test/navigation/responsive-basics.spec.ts","",""
"","3988","opens an empty cart without stale items","webkit","2026-09-08","passed","2026-09-08","","test/cart/empty-cart.spec.ts","",""
"","3157","resets app state from the navigation menu","webkit","2026-09-08","passed","2026-09-08","","test/navigation/menu-and-reset.spec.ts","",""
"","2122","sorts inventory by name and price","webkit","2026-09-08","passed","2026-09-08","","test/inventory/sorting.spec.ts","",""
"","6376","completes an order and shows the confirmation page","firefox","2026-09-08","passed","2026-09-08","","test/checkout/order-completion.spec.ts","",""
"","1268","retains a product added from its detail page","chromium","2026-09-08","passed","2026-09-08","Inventory and product details","test/inventory/listing-and-details.spec.ts","",""
"","2229","exposes named controls and visible keyboard focus","webkit","2026-09-08","passed","2026-09-08","","test/navigation/observable-a11y.spec.ts","",""
"","1567","adds and removes products from inventory","chromium","2026-09-08","passed","2026-09-08","","test/inventory/add-remove.spec.ts","",""
"","1531","logs in with a standard user","chromium","2026-09-08","passed","2026-09-08","Authentication","test/auth/login.spec.ts","",""
"","5199","shows selected products and removes only the requested item","firefox","2026-09-08","passed","2026-09-08","","test/cart/cart-contents.spec.ts","",""
"","1825","retains a product added from its detail page","firefox","2026-09-08","passed","2026-09-08","Inventory and product details","test/inventory/listing-and-details.spec.ts","",""
"","6378","validates required checkout information","firefox","2026-09-08","passed","2026-09-08","","test/checkout/information-validation.spec.ts","",""
"","1835","sorts inventory by name and price","firefox","2026-09-08","passed","2026-09-08","","test/inventory/sorting.spec.ts","",""
"","2091","resets app state from the navigation menu","chromium","2026-09-08","passed","2026-09-08","","test/navigation/menu-and-reset.spec.ts","",""
"","722","seed","webkit","2026-09-08","passed","2026-09-08","Test group","tests/seed.spec.ts","",""
"","1045","keeps inventory usable at desktop size","chromium","2026-09-08","passed","2026-09-08","","test/navigation/responsive-basics.spec.ts","",""
"","3230","opens an empty cart without stale items","firefox","2026-09-08","passed","2026-09-08","","test/cart/empty-cart.spec.ts","",""
"","1859","keeps inventory usable at desktop size","webkit","2026-09-08","passed","2026-09-08","","test/navigation/responsive-basics.spec.ts","",""
"","2236","keeps inventory usable at mobile size","firefox","2026-09-08","passed","2026-09-08","","test/navigation/responsive-basics.spec.ts","",""
"","1969","keeps inventory usable at desktop size","firefox","2026-09-08","passed","2026-09-08","","test/navigation/responsive-basics.spec.ts","",""
"","1059","get started link","chromium","2026-09-08","passed","2026-09-08","","tests/example.spec.ts","",""
"","1500","has title","webkit","2026-09-08","passed","2026-09-08","","tests/example.spec.ts","",""
"","1891","keeps inventory usable at mobile size","webkit","2026-09-08","passed","2026-09-08","","test/navigation/responsive-basics.spec.ts","",""
"","4102","continues shopping without losing cart contents","webkit","2026-09-08","passed","2026-09-08","","test/cart/cart-contents.spec.ts","",""
"","3004","keeps inventory usable at tablet size","firefox","2026-09-08","passed","2026-09-08","","test/navigation/responsive-basics.spec.ts","",""
"","1640","shows selected products and removes only the requested item","chromium","2026-09-08","passed","2026-09-08","","test/cart/cart-contents.spec.ts","",""
"","1356","shows six products and opens a product detail page","firefox","2026-09-08","passed","2026-09-08","Inventory and product details","test/inventory/listing-and-details.spec.ts","",""
"","2935","logs out and returns to the login page","firefox","2026-09-08","passed","2026-09-08","","test/navigation/menu-and-reset.spec.ts","",""
"","137","seed","chromium","2026-09-08","passed","2026-09-08","Test group","tests/seed.spec.ts","",""
"","5874","rejects a locked-out user","firefox","2026-09-08","passed","2026-09-08","Authentication","test/auth/login.spec.ts","",""
"","2819","get started link","firefox","2026-09-08","passed","2026-09-08","","tests/example.spec.ts","",""
"","4326","shows selected products and removes only the requested item","webkit","2026-09-08","passed","2026-09-08","","test/cart/cart-contents.spec.ts","",""
"","4609","completes an order and shows the confirmation page","webkit","2026-09-08","passed","2026-09-08","","test/checkout/order-completion.spec.ts","",""
"","1224","sorts inventory by name and price","chromium","2026-09-08","passed","2026-09-08","","test/inventory/sorting.spec.ts","",""
"","6301","logs in with a standard user","firefox","2026-09-08","passed","2026-09-08","Authentication","test/auth/login.spec.ts","",""
"","968","shows six products and opens a product detail page","chromium","2026-09-08","passed","2026-09-08","Inventory and product details","test/inventory/listing-and-details.spec.ts","",""
"","1468","opens an empty cart without stale items","chromium","2026-09-08","passed","2026-09-08","","test/cart/empty-cart.spec.ts","",""
"","1660","validates required checkout information","chromium","2026-09-08","passed","2026-09-08","","test/checkout/information-validation.spec.ts","",""
"","2294","exposes named controls and visible keyboard focus","firefox","2026-09-08","passed","2026-09-08","","test/navigation/observable-a11y.spec.ts","",""
"","1864","retains a product added from its detail page","webkit","2026-09-08","passed","2026-09-08","Inventory and product details","test/inventory/listing-and-details.spec.ts","",""
"","4187","adds and removes products from inventory","firefox","2026-09-08","passed","2026-09-08","","test/inventory/add-remove.spec.ts","",""
"","998","keeps inventory usable at mobile size","chromium","2026-09-08","passed","2026-09-08","","test/navigation/responsive-basics.spec.ts","",""
"","2662","logs out and returns to the login page","webkit","2026-09-08","passed","2026-09-08","","test/navigation/menu-and-reset.spec.ts","",""
"","3329","resets app state from the navigation menu","firefox","2026-09-08","passed","2026-09-08","","test/navigation/menu-and-reset.spec.ts","",""
"","1868","shows six products and opens a product detail page","webkit","2026-09-08","passed","2026-09-08","Inventory and product details","test/inventory/listing-and-details.spec.ts","",""
"","4327","adds and removes products from inventory","webkit","2026-09-08","passed","2026-09-08","","test/inventory/add-remove.spec.ts","",""
"","1681","completes an order and shows the confirmation page","chromium","2026-09-08","passed","2026-09-08","","test/checkout/order-completion.spec.ts","",""
"","1139","exposes named controls and visible keyboard focus","chromium","2026-09-08","passed","2026-09-08","","test/navigation/observable-a11y.spec.ts","",""
"","1940","logs out and returns to the login page","chromium","2026-09-08","passed","2026-09-08","","test/navigation/menu-and-reset.spec.ts","",""
"","3535","logs in with a standard user","webkit","2026-09-08","passed","2026-09-08","Authentication","test/auth/login.spec.ts","",""
"","1605","continues shopping without losing cart contents","chromium","2026-09-08","passed","2026-09-08","","test/cart/cart-contents.spec.ts","",""
"","2442","has title","firefox","2026-09-08","passed","2026-09-08","","tests/example.spec.ts","",""
"","1411","rejects a locked-out user","chromium","2026-09-08","passed","2026-09-08","Authentication","test/auth/login.spec.ts","",""
"","1781","get started link","webkit","2026-09-08","passed","2026-09-08","","tests/example.spec.ts","",""
"","2848","continues shopping without losing cart contents","firefox","2026-09-08","passed","2026-09-08","","test/cart/cart-contents.spec.ts","",""
"","4322","validates required checkout information","webkit","2026-09-08","passed","2026-09-08","","test/checkout/information-validation.spec.ts","",""
"","1231","seed","firefox","2026-09-08","passed","2026-09-08","Test group","tests/seed.spec.ts","",""
